[
    {
        "accountType": "MainAccount",
        "id": "fd36fba2-de49-4a55-8a40-08e671af4457",
        "name": "INCOME",
        "glCode": "400000",
        "mainAccountId": "00000000-0000-0000-0000-000000000000",
        "accountHeaderId": "00000000-0000-0000-0000-000000000000",
        "accountSubHeaderId": "00000000-0000-0000-0000-000000000000",
        "parentGroup": "00000000-0000-0000-0000-000000000000",
        "yearBeforePreviousActual": 0,
        "yearBeforePreviousBudget": 0,
        "previousYearActual": 0,
        "previousYearBudget": 0,
        "currentYearActual": 0,
        "currentYearBudget": 0,
        "projectionAmount": 0,
        "budgetAmount": 0,
        "increaseOrDecrease": 0
    },
    {
        "accountType": "Header",
        "id": "345cdd08-ba83-492b-9435-b057fb16bd93",
        "name": "OPERATING INCOME",
        "glCode": "400001",
        "mainAccountId": "fd36fba2-de49-4a55-8a40-08e671af4457",
        "mainAccount": "INCOME",
        "accountHeaderId": "00000000-0000-0000-0000-000000000000",
        "accountSubHeaderId": "00000000-0000-0000-0000-000000000000",
        "parentGroup": "fd36fba2-de49-4a55-8a40-08e671af4457",
        "parentGroupName": "INCOME",
        "yearBeforePreviousActual": 0,
        "yearBeforePreviousBudget": 0,
        "previousYearActual": 0,
        "previousYearBudget": 0,
        "currentYearActual": 0,
        "currentYearBudget": 0,
        "projectionAmount": 0,
        "budgetAmount": 0,
        "increaseOrDecrease": 0
    },
    {
        "accountType": "SubHeader",
        "id": "8cb4e8f5-4e37-4553-a495-bd51b214db89",
        "name": "ASSESSMENTS",
        "glCode": "410000",
        "mainAccountId": "fd36fba2-de49-4a55-8a40-08e671af4457",
        "mainAccount": "INCOME",
        "accountHeaderId": "345cdd08-ba83-492b-9435-b057fb16bd93",
        "accountHeader": "OPERATING INCOME",
        "accountSubHeaderId": "00000000-0000-0000-0000-000000000000",
        "parentGroup": "345cdd08-ba83-492b-9435-b057fb16bd93",
        "parentGroupName": "OPERATING INCOME",
        "yearBeforePreviousActual": 0,
        "yearBeforePreviousBudget": 0,
        "previousYearActual": 0,
        "previousYearBudget": 0,
        "currentYearActual": 0,
        "currentYearBudget": 0,
        "projectionAmount": 0,
        "budgetAmount": 0,
        "increaseOrDecrease": 0
    },
    {
        "accountType": "LineItem",
        "id": "cca8d07e-04d9-4014-b829-3ce476361540",
        "name": "Assessment Revenue",
        "glCode": "411000",
        "mainAccountId": "fd36fba2-de49-4a55-8a40-08e671af4457",
        "mainAccount": "INCOME",
        "accountHeaderId": "345cdd08-ba83-492b-9435-b057fb16bd93",
        "accountHeader": "OPERATING INCOME",
        "accountSubHeaderId": "8cb4e8f5-4e37-4553-a495-bd51b214db89",
        "accountSubHeader": "ASSESSMENTS",
        "parentGroup": "8cb4e8f5-4e37-4553-a495-bd51b214db89",
        "parentGroupName": "ASSESSMENTS",
        "yearBeforePreviousActual": 7,
        "yearBeforePreviousBudget": 8,
        "previousYearActual": 9,
        "previousYearBudget": 0,
        "currentYearActual": 5,
        "currentYearBudget": 2,
        "projectionAmount": 3,
        "budgetAmount": 1,
        "increaseOrDecrease": 6
    },
    {
        "accountType": "LineItem",
        "id": "1a627fb2-77e6-4e47-92f3-20f4ece573b9",
        "name": "Townhome Assessment Revenue",
        "glCode": "411050",
        "mainAccountId": "fd36fba2-de49-4a55-8a40-08e671af4457",
        "mainAccount": "INCOME",
        "accountHeaderId": "345cdd08-ba83-492b-9435-b057fb16bd93",
        "accountHeader": "OPERATING INCOME",
        "accountSubHeaderId": "8cb4e8f5-4e37-4553-a495-bd51b214db89",
        "accountSubHeader": "ASSESSMENTS",
        "parentGroup": "8cb4e8f5-4e37-4553-a495-bd51b214db89",
        "parentGroupName": "ASSESSMENTS",
        "yearBeforePreviousActual": 6,
        "yearBeforePreviousBudget": 7,
        "previousYearActual": 8,
        "previousYearBudget": 9,
        "currentYearActual": 5,
        "currentYearBudget": 4,
        "projectionAmount": 1,
        "budgetAmount": 2,
        "increaseOrDecrease": 3
    },
    {
        "accountType": "LineItem",
        "id": "079bdc6c-a0ff-4f94-b87b-d37bae00c0bf",
        "name": "Developer Assessment Revenue",
        "glCode": "411100",
        "mainAccountId": "fd36fba2-de49-4a55-8a40-08e671af4457",
        "mainAccount": "INCOME",
        "accountHeaderId": "345cdd08-ba83-492b-9435-b057fb16bd93",
        "accountHeader": "OPERATING INCOME",
        "accountSubHeaderId": "8cb4e8f5-4e37-4553-a495-bd51b214db89",
        "accountSubHeader": "ASSESSMENTS",
        "parentGroup": "8cb4e8f5-4e37-4553-a495-bd51b214db89",
        "parentGroupName": "ASSESSMENTS",
        "yearBeforePreviousActual": 1,
        "yearBeforePreviousBudget": 1,
        "previousYearActual": 1,
        "previousYearBudget": 1,
        "currentYearActual": 1,
        "currentYearBudget": 1,
        "projectionAmount": 1,
        "budgetAmount": 1,
        "increaseOrDecrease": 1
    },
    {
        "accountType": "SubHeader Total",
        "id": "8cb4e8f5-4e37-4553-a495-bd51b214db89",
        "name": "ASSESSMENTS Total",
        "glCode": "411100",
        "mainAccountId": "fd36fba2-de49-4a55-8a40-08e671af4457",
        "mainAccount": "INCOME",
        "accountHeaderId": "345cdd08-ba83-492b-9435-b057fb16bd93",
        "accountHeader": "OPERATING INCOME",
        "accountSubHeaderId": "00000000-0000-0000-0000-000000000000",
        "parentGroup": "345cdd08-ba83-492b-9435-b057fb16bd93",
        "parentGroupName": "OPERATING INCOME",
        "yearBeforePreviousActual": 0,
        "yearBeforePreviousBudget": 0,
        "previousYearActual": 0,
        "previousYearBudget": 0,
        "currentYearActual": 0,
        "currentYearBudget": 0,
        "projectionAmount": 0,
        "budgetAmount": 0,
        "increaseOrDecrease": 0
    },
    {
        "accountType": "Header Total",
        "id": "345cdd08-ba83-492b-9435-b057fb16bd93",
        "name": "OPERATING INCOME Total",
        "glCode": "411100",
        "mainAccountId": "fd36fba2-de49-4a55-8a40-08e671af4457",
        "mainAccount": "INCOME",
        "accountHeaderId": "00000000-0000-0000-0000-000000000000",
        "accountSubHeaderId": "00000000-0000-0000-0000-000000000000",
        "parentGroup": "fd36fba2-de49-4a55-8a40-08e671af4457",
        "parentGroupName": "INCOME",
        "yearBeforePreviousActual": 0,
        "yearBeforePreviousBudget": 0,
        "previousYearActual": 0,
        "previousYearBudget": 0,
        "currentYearActual": 0,
        "currentYearBudget": 0,
        "projectionAmount": 0,
        "budgetAmount": 0,
        "increaseOrDecrease": 0
    },
    {
        "accountType": "MainAccount Total",
        "id": "fd36fba2-de49-4a55-8a40-08e671af4457",
        "name": "INCOME Total",
        "glCode": "411100",
        "mainAccountId": "00000000-0000-0000-0000-000000000000",
        "accountHeaderId": "00000000-0000-0000-0000-000000000000",
        "accountSubHeaderId": "00000000-0000-0000-0000-000000000000",
        "parentGroup": "00000000-0000-0000-0000-000000000000",
        "yearBeforePreviousActual": 0,
        "yearBeforePreviousBudget": 0,
        "previousYearActual": 0,
        "previousYearBudget": 0,
        "currentYearActual": 0,
        "currentYearBudget": 0,
        "projectionAmount": 0,
        "budgetAmount": 0,
        "increaseOrDecrease": 0
    },
    {
        "accountType": "MainAccount",
        "id": "43967539-7ece-484a-ae7b-0f2f4411730a",
        "name": "EXPENSES",
        "glCode": "500000",
        "mainAccountId": "00000000-0000-0000-0000-000000000000",
        "accountHeaderId": "00000000-0000-0000-0000-000000000000",
        "accountSubHeaderId": "00000000-0000-0000-0000-000000000000",
        "parentGroup": "00000000-0000-0000-0000-000000000000",
        "yearBeforePreviousActual": 0,
        "yearBeforePreviousBudget": 0,
        "previousYearActual": 0,
        "previousYearBudget": 0,
        "currentYearActual": 0,
        "currentYearBudget": 0,
        "projectionAmount": 0,
        "budgetAmount": 0,
        "increaseOrDecrease": 0
    },
    {
        "accountType": "Header",
        "id": "14742bd2-aeda-44e4-914e-cc98587b0060",
        "name": "OPERATING EXPENSES",
        "glCode": "500001",
        "mainAccountId": "43967539-7ece-484a-ae7b-0f2f4411730a",
        "mainAccount": "EXPENSES",
        "accountHeaderId": "00000000-0000-0000-0000-000000000000",
        "accountSubHeaderId": "00000000-0000-0000-0000-000000000000",
        "parentGroup": "43967539-7ece-484a-ae7b-0f2f4411730a",
        "parentGroupName": "EXPENSES",
        "yearBeforePreviousActual": 0,
        "yearBeforePreviousBudget": 0,
        "previousYearActual": 0,
        "previousYearBudget": 0,
        "currentYearActual": 0,
        "currentYearBudget": 0,
        "projectionAmount": 0,
        "budgetAmount": 0,
        "increaseOrDecrease": 0
    },
    {
        "accountType": "SubHeader",
        "id": "912f0c49-6dae-45d1-97f7-308f1d9765ad",
        "name": "ADMINISTRATIVE EXPENSES",
        "glCode": "510000",
        "mainAccountId": "43967539-7ece-484a-ae7b-0f2f4411730a",
        "mainAccount": "EXPENSES",
        "accountHeaderId": "14742bd2-aeda-44e4-914e-cc98587b0060",
        "accountHeader": "OPERATING EXPENSES",
        "accountSubHeaderId": "00000000-0000-0000-0000-000000000000",
        "parentGroup": "14742bd2-aeda-44e4-914e-cc98587b0060",
        "parentGroupName": "OPERATING EXPENSES",
        "yearBeforePreviousActual": 0,
        "yearBeforePreviousBudget": 0,
        "previousYearActual": 0,
        "previousYearBudget": 0,
        "currentYearActual": 0,
        "currentYearBudget": 0,
        "projectionAmount": 0,
        "budgetAmount": 0,
        "increaseOrDecrease": 0
    },
    {
        "accountType": "LineItem",
        "id": "efa56a45-4cf3-478c-9b92-b723bbcb08d4",
        "name": "Administrative Fees",
        "glCode": "510050",
        "mainAccountId": "43967539-7ece-484a-ae7b-0f2f4411730a",
        "mainAccount": "EXPENSES",
        "accountHeaderId": "14742bd2-aeda-44e4-914e-cc98587b0060",
        "accountHeader": "OPERATING EXPENSES",
        "accountSubHeaderId": "912f0c49-6dae-45d1-97f7-308f1d9765ad",
        "accountSubHeader": "ADMINISTRATIVE EXPENSES",
        "parentGroup": "912f0c49-6dae-45d1-97f7-308f1d9765ad",
        "parentGroupName": "ADMINISTRATIVE EXPENSES",
        "yearBeforePreviousActual": 0,
        "yearBeforePreviousBudget": 0,
        "previousYearActual": 0,
        "previousYearBudget": 0,
        "currentYearActual": 0,
        "currentYearBudget": 0,
        "projectionAmount": 0,
        "budgetAmount": 0,
        "increaseOrDecrease": 0
    },
    {
        "accountType": "LineItem",
        "id": "4dd23a8d-f594-4a6e-8948-6a2dd1fbfab7",
        "name": "Bank Fees",
        "glCode": "510100",
        "mainAccountId": "43967539-7ece-484a-ae7b-0f2f4411730a",
        "mainAccount": "EXPENSES",
        "accountHeaderId": "14742bd2-aeda-44e4-914e-cc98587b0060",
        "accountHeader": "OPERATING EXPENSES",
        "accountSubHeaderId": "912f0c49-6dae-45d1-97f7-308f1d9765ad",
        "accountSubHeader": "ADMINISTRATIVE EXPENSES",
        "parentGroup": "912f0c49-6dae-45d1-97f7-308f1d9765ad",
        "parentGroupName": "ADMINISTRATIVE EXPENSES",
        "yearBeforePreviousActual": 0,
        "yearBeforePreviousBudget": 0,
        "previousYearActual": 0,
        "previousYearBudget": 0,
        "currentYearActual": 0,
        "currentYearBudget": 0,
        "projectionAmount": 0,
        "budgetAmount": 0,
        "increaseOrDecrease": 0
    },
    {
        "accountType": "LineItem",
        "id": "4d6cefc0-51ff-4c7e-b0dc-64733b2faeb5",
        "name": "Brokerage Fee",
        "glCode": "510200",
        "mainAccountId": "43967539-7ece-484a-ae7b-0f2f4411730a",
        "mainAccount": "EXPENSES",
        "accountHeaderId": "14742bd2-aeda-44e4-914e-cc98587b0060",
        "accountHeader": "OPERATING EXPENSES",
        "accountSubHeaderId": "912f0c49-6dae-45d1-97f7-308f1d9765ad",
        "accountSubHeader": "ADMINISTRATIVE EXPENSES",
        "parentGroup": "912f0c49-6dae-45d1-97f7-308f1d9765ad",
        "parentGroupName": "ADMINISTRATIVE EXPENSES",
        "yearBeforePreviousActual": 0,
        "yearBeforePreviousBudget": 0,
        "previousYearActual": 0,
        "previousYearBudget": 0,
        "currentYearActual": 0,
        "currentYearBudget": 0,
        "projectionAmount": 0,
        "budgetAmount": 0,
        "increaseOrDecrease": 0
    },
    {
        "accountType": "LineItem",
        "id": "4d6cefc0-51ff-4c7e-b0dc-64733b2fadysa",
        "name": "Federal Income Taxes",
        "glCode": "520100",
        "mainAccountId": "43967539-7ece-484a-ae7b-0f2f4411730a",
        "mainAccount": "EXPENSES",
        "accountHeaderId": "14742bd2-aeda-44e4-914e-cc98587b0060",
        "accountHeader": "OPERATING EXPENSES",
        "accountSubHeaderId": "912f0c49-6dae-45d1-97f7-308f1d9765ad",
        "accountSubHeader": "TAX EXPENSES",
        "parentGroup": "912f0c49-6dae-45d1-97f7-308f1d9765ad",
        "parentGroupName": "TAX EXPENSES",
        "yearBeforePreviousActual": 2,
        "yearBeforePreviousBudget": 1,
        "previousYearActual": 7,
        "previousYearBudget": 6,
        "currentYearActual": 5,
        "currentYearBudget": 4,
        "projectionAmount": 9,
        "budgetAmount": 2,
        "increaseOrDecrease": 1
    },
    {
        "accountType": "LineItem",
        "id": "4d6cefc0-51ff-4c7e-b0dc-64733b2-ulovej",
        "name": "Master Insurance",
        "glCode": "530100",
        "mainAccountId": "43967539-7ece-484a-ae7b-0f2f4411730a",
        "mainAccount": "EXPENSES",
        "accountHeaderId": "14742bd2-aeda-44e4-914e-cc98587b0060",
        "accountHeader": "OPERATING EXPENSES",
        "accountSubHeaderId": "912f0c49-6dae-45d1-97f7-308f1d9765ad",
        "accountSubHeader": "INSURANCE EXPENSES",
        "parentGroup": "912f0c49-6dae-45d1-97f7-308f1d9765ad",
        "parentGroupName": "INSURANCE EXPENSES",
        "yearBeforePreviousActual": 1,
        "yearBeforePreviousBudget": 1,
        "previousYearActual": 1,
        "previousYearBudget": 2,
        "currentYearActual": 3,
        "currentYearBudget": 3,
        "projectionAmount": 6,
        "budgetAmount": 2,
        "increaseOrDecrease": 1
    },
    {
        "accountType": "LineItem",
        "id": "4d6cefc0-51ff-4c7e-b0dc-64733b2-rang",
        "name": "Insurance- Earthquake",
        "glCode": "530200",
        "mainAccountId": "43967539-7ece-484a-ae7b-0f2f4411730a",
        "mainAccount": "EXPENSES",
        "accountHeaderId": "14742bd2-aeda-44e4-914e-cc98587b0060",
        "accountHeader": "OPERATING EXPENSES",
        "accountSubHeaderId": "912f0c49-6dae-45d1-97f7-308f1d9765ad",
        "accountSubHeader": "INSURANCE EXPENSES",
        "parentGroup": "912f0c49-6dae-45d1-97f7-308f1d9765ad",
        "parentGroupName": "INSURANCE EXPENSES",
        "yearBeforePreviousActual": 3,
        "yearBeforePreviousBudget": 3,
        "previousYearActual": 4,
        "previousYearBudget": 2,
        "currentYearActual": 0,
        "currentYearBudget": 7,
        "projectionAmount": 2,
        "budgetAmount": 2,
        "increaseOrDecrease": 1
    },
    {
        "accountType": "LineItem",
        "id": "4d6cefc0-51ff-4c7e-b0dc-64733b2-bang",
        "name": "Audit Fees",
        "glCode": "540100",
        "mainAccountId": "43967539-7ece-484a-ae7b-0f2f4411730a",
        "mainAccount": "EXPENSES",
        "accountHeaderId": "14742bd2-aeda-44e4-914e-cc98587b0060",
        "accountHeader": "OPERATING EXPENSES",
        "accountSubHeaderId": "912f0c49-6dae-45d1-97f7-308f1d9765ad",
        "accountSubHeader": "PROFESSIONAL EXPENSES",
        "parentGroup": "912f0c49-6dae-45d1-97f7-308f1d9765ad",
        "parentGroupName": "PROFESSIONAL EXPENSES",
        "yearBeforePreviousActual": 3,
        "yearBeforePreviousBudget": 3,
        "previousYearActual": 4,
        "previousYearBudget": 2,
        "currentYearActual": 0,
        "currentYearBudget": 7,
        "projectionAmount": 2,
        "budgetAmount": 2,
        "increaseOrDecrease": 1
    },
    {
        "accountType": "LineItem",
        "id": "4d6cefc0-51ff-4c7e-b0dc-64733b2-gang",
        "name": "Project Management Fees",
        "glCode": "540100",
        "mainAccountId": "43967539-7ece-484a-ae7b-0f2f4411730a",
        "mainAccount": "EXPENSES",
        "accountHeaderId": "14742bd2-aeda-44e4-914e-cc98587b0060",
        "accountHeader": "OPERATING EXPENSES",
        "accountSubHeaderId": "912f0c49-6dae-45d1-97f7-308f1d9765ad",
        "accountSubHeader": "PROFESSIONAL EXPENSES",
        "parentGroup": "912f0c49-6dae-45d1-97f7-308f1d9765ad",
        "parentGroupName": "PROFESSIONAL EXPENSES",
        "yearBeforePreviousActual": 2,
        "yearBeforePreviousBudget": 1,
        "previousYearActual": 7,
        "previousYearBudget": 6,
        "currentYearActual": 5,
        "currentYearBudget": 4,
        "projectionAmount": 9,
        "budgetAmount": 2,
        "increaseOrDecrease": 1
    },
    {
        "accountType": "LineItem",
        "id": "4d6cefc0-51ff-4c7e-b0dc-64733b2-kdsh",
        "name": "Landscape Expenses",
        "glCode": "550100",
        "mainAccountId": "43967539-7ece-484a-ae7b-0f2f4411730a",
        "mainAccount": "EXPENSES",
        "accountHeaderId": "14742bd2-aeda-44e4-914e-cc98587b0060",
        "accountHeader": "OPERATING EXPENSES",
        "accountSubHeaderId": "912f0c49-6dae-45d1-97f7-308f1d9765ad",
        "accountSubHeader": "LANDSCAP AND AMENITIES EXPENSES",
        "parentGroup": "912f0c49-6dae-45d1-97f7-308f1d9765ad",
        "parentGroupName": "LANDSCAP AND AMENITIES EXPENSES",
        "yearBeforePreviousActual": 2,
        "yearBeforePreviousBudget": 1,
        "previousYearActual": 1,
        "previousYearBudget": 1,
        "currentYearActual": 1,
        "currentYearBudget": 2,
        "projectionAmount": 2,
        "budgetAmount": 0,
        "increaseOrDecrease": 1
    },
    {
        "accountType": "LineItem",
        "id": "4d6cefc0-51ff-4c7e-b0dc-64733b2-kash",
        "name": "Irrigation Repairs",
        "glCode": "550200",
        "mainAccountId": "43967539-7ece-484a-ae7b-0f2f4411730a",
        "mainAccount": "EXPENSES",
        "accountHeaderId": "14742bd2-aeda-44e4-914e-cc98587b0060",
        "accountHeader": "OPERATING EXPENSES",
        "accountSubHeaderId": "912f0c49-6dae-45d1-97f7-308f1d9765ad",
        "accountSubHeader": "LANDSCAP AND AMENITIES EXPENSES",
        "parentGroup": "912f0c49-6dae-45d1-97f7-308f1d9765ad",
        "parentGroupName": "LANDSCAP AND AMENITIES EXPENSES",
        "yearBeforePreviousActual": 1,
        "yearBeforePreviousBudget": 1,
        "previousYearActual": 0,
        "previousYearBudget": 0,
        "currentYearActual": 0,
        "currentYearBudget": 0,
        "projectionAmount": 0,
        "budgetAmount": 0,
        "increaseOrDecrease": 0
    },
    {
        "accountType": "LineItem",
        "id": "4d6cefc0-51ff-4c7e-b0dc-64733b2-jank",
        "name": "Roof Maintenance",
        "glCode": "560100",
        "mainAccountId": "43967539-7ece-484a-ae7b-0f2f4411730a",
        "mainAccount": "EXPENSES",
        "accountHeaderId": "14742bd2-aeda-44e4-914e-cc98587b0060",
        "accountHeader": "OPERATING EXPENSES",
        "accountSubHeaderId": "912f0c49-6dae-45d1-97f7-308f1d9765ad",
        "accountSubHeader": "MAINTENANCE EXPENSES",
        "parentGroup": "912f0c49-6dae-45d1-97f7-308f1d9765ad",
        "parentGroupName": "MAINTENANCE EXPENSES",
        "yearBeforePreviousActual": 1,
        "yearBeforePreviousBudget": 1,
        "previousYearActual": 2,
        "previousYearBudget": 2,
        "currentYearActual": 2,
        "currentYearBudget": 4,
        "projectionAmount": 3,
        "budgetAmount": 2,
        "increaseOrDecrease": 2
    },
    {
        "accountType": "LineItem",
        "id": "4d6cefc0-51ff-4c7e-b0dc-64733b2-loop",
        "name": "Cleaning & Janitorial",
        "glCode": "560200",
        "mainAccountId": "43967539-7ece-484a-ae7b-0f2f4411730a",
        "mainAccount": "EXPENSES",
        "accountHeaderId": "14742bd2-aeda-44e4-914e-cc98587b0060",
        "accountHeader": "OPERATING EXPENSES",
        "accountSubHeaderId": "912f0c49-6dae-45d1-97f7-308f1d9765ad",
        "accountSubHeader": "MAINTENANCE EXPENSES",
        "parentGroup": "912f0c49-6dae-45d1-97f7-308f1d9765ad",
        "parentGroupName": "MAINTENANCE EXPENSES",
        "yearBeforePreviousActual": 0,
        "yearBeforePreviousBudget": 0,
        "previousYearActual": 0,
        "previousYearBudget": 0,
        "currentYearActual": 0,
        "currentYearBudget": 0,
        "projectionAmount": 0,
        "budgetAmount": 0,
        "increaseOrDecrease": 0
    },
    {
        "accountType": "LineItem",
        "id": "4d6cefc0-51ff-4c7e-b0dc-64733b2-dusl",
        "name": "Electricity",
        "glCode": "570100",
        "mainAccountId": "43967539-7ece-484a-ae7b-0f2f4411730a",
        "mainAccount": "EXPENSES",
        "accountHeaderId": "14742bd2-aeda-44e4-914e-cc98587b0060",
        "accountHeader": "OPERATING EXPENSES",
        "accountSubHeaderId": "912f0c49-6dae-45d1-97f7-308f1d9765ad",
        "accountSubHeader": "UTILITY EXPENSES",
        "parentGroup": "912f0c49-6dae-45d1-97f7-308f1d9765ad",
        "parentGroupName": "UTILITY EXPENSES",
        "yearBeforePreviousActual": 10,
        "yearBeforePreviousBudget": 60,
        "previousYearActual": 40,
        "previousYearBudget": 30,
        "currentYearActual": 30,
        "currentYearBudget": 20,
        "projectionAmount": 10,
        "budgetAmount": 0,
        "increaseOrDecrease": 70
    },
    {
        "accountType": "LineItem",
        "id": "4d6cefc0-51ff-4c7e-b0dc-64733b2-jank",
        "name": "Water",
        "glCode": "570200",
        "mainAccountId": "43967539-7ece-484a-ae7b-0f2f4411730a",
        "mainAccount": "EXPENSES",
        "accountHeaderId": "14742bd2-aeda-44e4-914e-cc98587b0060",
        "accountHeader": "OPERATING EXPENSES",
        "accountSubHeaderId": "912f0c49-6dae-45d1-97f7-308f1d9765ad",
        "accountSubHeader": "UTILITY EXPENSES",
        "parentGroup": "912f0c49-6dae-45d1-97f7-308f1d9765ad",
        "parentGroupName": "UTILITY EXPENSES",
        "yearBeforePreviousActual": 50,
        "yearBeforePreviousBudget": 50,
        "previousYearActual": 50,
        "previousYearBudget": 50,
        "currentYearActual": 50,
        "currentYearBudget": 10,
        "projectionAmount": 0,
        "budgetAmount": 0,
        "increaseOrDecrease": 0
    },
    {
        "accountType": "LineItem",
        "id": "4d6cefc0-51ff-4c7e-b0dc-64733b2-dwbh",
        "name": "Bad Debt/Write Off",
        "glCode": "570100",
        "mainAccountId": "43967539-7ece-484a-ae7b-0f2f4411730a",
        "mainAccount": "EXPENSES",
        "accountHeaderId": "14742bd2-aeda-44e4-914e-cc98587b0060",
        "accountHeader": "OPERATING EXPENSES",
        "accountSubHeaderId": "912f0c49-6dae-45d1-97f7-308f1d9765ad",
        "accountSubHeader": "OPERATING EXPENSES",
        "parentGroup": "912f0c49-6dae-45d1-97f7-308f1d9765ad",
        "parentGroupName": "OPERATING EXPENSES",
        "yearBeforePreviousActual": 0,
        "yearBeforePreviousBudget": 0,
        "previousYearActual": 0,
        "previousYearBudget": 0,
        "currentYearActual": 0,
        "currentYearBudget": 0,
        "projectionAmount": 0,
        "budgetAmount": 0,
        "increaseOrDecrease": 0
    },
    {
        "accountType": "LineItem",
        "id": "4d6cefc0-51ff-4c7e-b0dc-64733b2-dwbhr",
        "name": "Licenses & Permits",
        "glCode": "570100",
        "mainAccountId": "43967539-7ece-484a-ae7b-0f2f4411730a",
        "mainAccount": "EXPENSES",
        "accountHeaderId": "14742bd2-aeda-44e4-914e-cc98587b0060",
        "accountHeader": "OPERATING EXPENSES",
        "accountSubHeaderId": "912f0c49-6dae-45d1-97f7-308f1d9765ad",
        "accountSubHeader": "OPERATING EXPENSES",
        "parentGroup": "912f0c49-6dae-45d1-97f7-308f1d9765ad",
        "parentGroupName": "OPERATING EXPENSES",
        "yearBeforePreviousActual": 1,
        "yearBeforePreviousBudget": 1,
        "previousYearActual": 3,
        "previousYearBudget": 3,
        "currentYearActual": 2,
        "currentYearBudget": 2,
        "projectionAmount": 1,
        "budgetAmount": 1,
        "increaseOrDecrease": 1
    },
    {
        "accountType": "LineItem",
        "id": "4d6cefc0-51ff-4c7e-b0dc-64733b2-seke",
        "name": "Reserve Contribution",
        "glCode": "570100",
        "mainAccountId": "43967539-7ece-484a-ae7b-0f2f4411730a",
        "mainAccount": "EXPENSES",
        "accountHeaderId": "14742bd2-aeda-44e4-914e-cc98587b0060",
        "accountHeader": "OPERATING EXPENSES",
        "accountSubHeaderId": "912f0c49-6dae-45d1-97f7-308f1d9765ad",
        "accountSubHeader": "RESERVE EXPENSES",
        "parentGroup": "912f0c49-6dae-45d1-97f7-308f1d9765ad",
        "parentGroupName": "RESERVE EXPENSES",
        "yearBeforePreviousActual": 100,
        "yearBeforePreviousBudget": 100,
        "previousYearActual": 50,
        "previousYearBudget": 50,
        "currentYearActual": 30,
        "currentYearBudget": 30,
        "projectionAmount": 10,
        "budgetAmount": 10,
        "increaseOrDecrease": 10
    },
    {
        "accountType": "LineItem",
        "id": "4d6cefc0-51ff-4c7e-b0dc-64733b2-poejf",
        "name": "Insurance Reserve Contributions ",
        "glCode": "570100",
        "mainAccountId": "43967539-7ece-484a-ae7b-0f2f4411730a",
        "mainAccount": "EXPENSES",
        "accountHeaderId": "14742bd2-aeda-44e4-914e-cc98587b0060",
        "accountHeader": "OPERATING EXPENSES",
        "accountSubHeaderId": "912f0c49-6dae-45d1-97f7-308f1d9765ad",
        "accountSubHeader": "RESERVE EXPENSES",
        "parentGroup": "912f0c49-6dae-45d1-97f7-308f1d9765ad",
        "parentGroupName": "RESERVE EXPENSES",
        "yearBeforePreviousActual": 1,
        "yearBeforePreviousBudget": 1,
        "previousYearActual": 3,
        "previousYearBudget": 3,
        "currentYearActual": 2,
        "currentYearBudget": 2,
        "projectionAmount": 1,
        "budgetAmount": 1,
        "increaseOrDecrease": 1
    },
    {
        "accountType": "SubHeader Total",
        "id": "912f0c49-6dae-45d1-97f7-308f1d9765ad",
        "name": "ADMINISTRATIVE EXPENSES Total",
        "glCode": "510200",
        "mainAccountId": "43967539-7ece-484a-ae7b-0f2f4411730a",
        "mainAccount": "EXPENSES",
        "accountHeaderId": "14742bd2-aeda-44e4-914e-cc98587b0060",
        "accountHeader": "OPERATING EXPENSES",
        "accountSubHeaderId": "00000000-0000-0000-0000-000000000000",
        "parentGroup": "14742bd2-aeda-44e4-914e-cc98587b0060",
        "parentGroupName": "OPERATING EXPENSES",
        "yearBeforePreviousActual": 0,
        "yearBeforePreviousBudget": 0,
        "previousYearActual": 0,
        "previousYearBudget": 0,
        "currentYearActual": 0,
        "currentYearBudget": 0,
        "projectionAmount": 0,
        "budgetAmount": 0,
        "increaseOrDecrease": 0
    },
    {
        "accountType": "Header Total",
        "id": "14742bd2-aeda-44e4-914e-cc98587b0060",
        "name": "OPERATING EXPENSES Total",
        "glCode": "510200",
        "mainAccountId": "43967539-7ece-484a-ae7b-0f2f4411730a",
        "mainAccount": "EXPENSES",
        "accountHeaderId": "00000000-0000-0000-0000-000000000000",
        "accountSubHeaderId": "00000000-0000-0000-0000-000000000000",
        "parentGroup": "43967539-7ece-484a-ae7b-0f2f4411730a",
        "parentGroupName": "EXPENSES",
        "yearBeforePreviousActual": 0,
        "yearBeforePreviousBudget": 0,
        "previousYearActual": 0,
        "previousYearBudget": 0,
        "currentYearActual": 0,
        "currentYearBudget": 0,
        "projectionAmount": 0,
        "budgetAmount": 0,
        "increaseOrDecrease": 0
    },
    {
        "accountType": "MainAccount Total",
        "id": "43967539-7ece-484a-ae7b-0f2f4411730a",
        "name": "EXPENSES Total",
        "glCode": "510200",
        "mainAccountId": "00000000-0000-0000-0000-000000000000",
        "accountHeaderId": "00000000-0000-0000-0000-000000000000",
        "accountSubHeaderId": "00000000-0000-0000-0000-000000000000",
        "parentGroup": "00000000-0000-0000-0000-000000000000",
        "yearBeforePreviousActual": 0,
        "yearBeforePreviousBudget": 0,
        "previousYearActual": 0,
        "previousYearBudget": 0,
        "currentYearActual": 0,
        "currentYearBudget": 0,
        "projectionAmount": 0,
        "budgetAmount": 0,
        "increaseOrDecrease": 0
    }
]